transaction_id,user_id,amount,category,merchant,timestamp,isFrauad
1,73,547.71,Shopping,Moon-Andrade,2026-05-06 12-35-34,True
2,58,482.26,Shopping,"Vazquez, Rodriguez and Brown",2026-02-16 12-48-44,True
3,21,855.4,Entertainment,Clay Group,2026-01-03 23-19-36,False
4,55,301.76,Shopping,"Carter, Anderson and Bailey",2026-05-14 19-43-29,True
5,73,258.56,Entertainment,Jackson-Wood,2026-06-15 00-37-18,True
6,8,645.63,Shopping,"Le, Stewart and Williams",2026-02-14 10-54-38,False
7,10,404.17,Shopping,Davis-West,2026-02-26 01-58-41,True
8,97,915.91,Shopping,Pollard Inc,2026-03-19 06-57-03,False
9,30,642.35,Entertainment,Thomas-Cole,2026-05-05 04-05-57,False
10,91,857.18,Food,"Odonnell, Hernandez and Rodriguez",2026-03-05 17-04-25,False
11,83,478.11,Food,"Wu, Brooks and Gill",2026-02-09 18-06-09,True
12,59,125.12,Shopping,Smith Ltd,2026-04-04 12-27-50,False
13,14,671.26,Bills,Deleon-Ross,2026-01-26 08-54-11,True
14,22,711.0,Entertainment,"Warren, Blackburn and Guzman",2026-01-15 14-37-54,False
15,1,3.95,Shopping,"Welch, Brown and Bass",2026-02-04 17-26-18,True
16,2,924.59,Bills,Perez Group,2026-04-16 00-01-22,True
17,47,271.8,Food,Williamson-Moody,2026-05-08 13-04-25,False
18,32,659.91,Food,Johnston Group,2026-04-05 07-36-38,False
19,30,649.99,Entertainment,Kim Inc,2026-02-04 22-54-50,False
20,69,387.48,Shopping,Russo Ltd,2026-02-28 19-17-34,False
21,15,106.52,Bills,"Martinez, Dyer and Williams",2026-06-10 14-19-04,True
22,46,556.17,Entertainment,Butler-Crane,2026-04-27 09-08-29,True
23,41,43.99,Bills,Gutierrez-Hill,2026-01-30 21-38-14,True
24,89,200.57,Shopping,"Douglas, Rodriguez and Jones",2026-02-03 13-15-45,True
25,43,940.29,Bills,Fields-Williamson,2026-04-07 00-20-33,True
26,45,765.13,Bills,Wilson-Moore,2026-01-01 20-10-46,True
27,80,18.72,Shopping,Wilson-Lewis,2026-06-15 08-12-34,True
28,93,701.37,Food,"Trevino, Arnold and Contreras",2026-05-06 10-03-29,False
29,5,837.26,Shopping,Acosta LLC,2026-01-28 20-57-34,False
30,27,744.13,Shopping,Francis-Wilson,2026-05-05 01-54-49,True
31,31,970.69,Shopping,Franklin Inc,2026-06-04 17-55-20,False
32,87,410.66,Shopping,Andrews PLC,2026-06-05 16-45-31,False
33,61,514.22,Bills,Grimes-Maddox,2026-01-06 12-28-17,False
34,3,60.44,Bills,Copeland Ltd,2026-05-07 11-06-01,False
35,80,764.97,Bills,Martin-Guerrero,2026-06-02 14-53-00,True
36,23,837.04,Shopping,"Ruiz, Adkins and Lee",2026-03-03 15-05-50,False
37,36,449.4,Entertainment,"Anderson, Mcknight and Craig",2026-03-14 18-10-23,True
38,74,340.55,Food,"Fowler, Downs and Gross",2026-06-16 23-39-59,False
39,2,837.39,Bills,Lane-Roach,2026-02-01 03-52-03,False
40,59,970.58,Bills,"Nixon, Rivera and Stanley",2026-04-29 04-50-31,True
41,8,193.99,Shopping,Morse-Carr,2026-02-12 05-47-22,True
42,28,516.93,Shopping,Rodriguez-Cameron,2026-04-08 07-47-20,False
43,82,197.15,Food,Adams-Harding,2026-03-27 19-09-14,True
44,62,908.5,Shopping,"Gonzalez, Adams and Walker",2026-06-01 12-49-59,False
45,58,103.91,Entertainment,Stone-Green,2026-04-14 14-57-11,False
46,88,205.6,Entertainment,"Marshall, Mack and Thompson",2026-06-14 05-06-55,False
47,96,113.96,Shopping,Salinas and Sons,2026-03-04 19-47-43,False
48,18,760.94,Shopping,"Watson, Black and Clark",2026-01-04 04-23-21,True
49,56,851.93,Entertainment,Dunn Group,2026-06-14 08-14-06,True
50,21,406.96,Bills,Bender Group,2026-01-14 09-48-11,True
51,94,632.41,Bills,Booth-Jennings,2026-05-27 12-17-03,True
52,81,721.38,Food,Williams and Sons,2026-04-26 04-59-01,True
53,59,193.46,Shopping,"Nelson, Cook and Charles",2026-05-24 04-01-31,False
54,12,787.12,Entertainment,Evans PLC,2026-03-23 06-03-31,False
55,27,746.44,Entertainment,"Bailey, Mcclure and Olson",2026-04-08 19-09-22,True
56,48,152.36,Food,Yang Inc,2026-04-09 04-16-40,False
57,48,246.84,Food,Spencer Inc,2026-02-10 15-14-03,False
58,38,754.56,Shopping,Smith-Jones,2026-01-21 10-01-55,True
59,13,365.06,Entertainment,Smith and Sons,2026-04-12 21-03-11,True
60,87,117.21,Bills,"Stewart, Fernandez and Grant",2026-03-28 07-44-05,False
61,65,916.71,Bills,Dunn Group,2026-05-20 10-47-26,True
62,58,199.86,Shopping,"Jenkins, Gallegos and Pennington",2026-03-11 03-26-24,True
63,63,653.7,Bills,Mcdonald and Sons,2026-01-14 19-16-42,False
64,73,709.43,Bills,"Shepard, Mullins and Howard",2026-03-14 15-59-30,True
65,67,478.84,Shopping,Maynard-Perry,2026-05-01 01-15-38,True
66,32,899.17,Shopping,"Ramirez, Oneill and Mcgee",2026-05-27 19-35-51,True
67,17,21.82,Shopping,"Peterson, Payne and Nelson",2026-01-14 03-37-21,False
68,30,317.36,Entertainment,Moore-Bentley,2026-04-07 18-59-42,False
69,37,262.81,Food,Cannon LLC,2026-03-29 07-18-59,True
70,7,789.49,Food,"Taylor, Ross and Dillon",2026-02-05 19-48-53,False
71,13,901.78,Shopping,Odom LLC,2026-03-27 11-36-17,False
72,77,466.58,Entertainment,Sandoval Ltd,2026-04-29 20-11-55,True
73,68,689.14,Bills,Evans Inc,2026-02-10 09-43-25,True
74,6,290.49,Food,Sawyer-Brown,2026-03-17 06-25-37,False
75,10,253.95,Bills,Blake-Martinez,2026-01-23 05-42-45,False
76,14,76.29,Bills,"Patel, Nelson and Munoz",2026-01-20 14-11-43,True
77,83,569.15,Bills,"Ramsey, Wilcox and Davies",2026-03-01 22-34-26,False
78,79,222.2,Food,Anderson PLC,2026-02-03 08-24-51,True
79,94,9.1,Shopping,Ryan-Taylor,2026-04-13 09-58-40,False
80,51,212.99,Food,Myers LLC,2026-04-26 11-35-57,True
81,40,541.63,Entertainment,Porter Ltd,2026-04-06 02-48-20,False
82,88,124.63,Entertainment,Stephens Group,2026-05-09 22-53-22,False
83,1,273.66,Bills,Carson-Patrick,2026-05-06 23-18-50,True
84,29,371.3,Bills,Garcia-Mccarthy,2026-05-30 02-24-20,False
85,53,95.14,Shopping,Thomas and Sons,2026-04-23 08-45-07,True
86,40,842.15,Bills,"Moore, Davis and Smith",2026-02-05 12-47-23,False
87,56,796.5,Food,Macdonald-Harrison,2026-01-17 03-14-31,False
88,23,59.72,Food,Flores PLC,2026-01-26 15-45-59,True
89,84,295.1,Entertainment,"Jones, Park and Hester",2026-04-03 08-31-47,False
90,44,545.26,Entertainment,"Cummings, Day and Weber",2026-01-22 13-32-48,False
91,58,819.84,Entertainment,Lucas-Stanton,2026-01-20 06-30-51,True
92,85,273.37,Shopping,Davila-Nichols,2026-02-21 23-58-04,False
93,6,274.54,Bills,Bartlett-Mccormick,2026-01-20 18-25-20,False
94,7,598.64,Bills,"Wilson, Osborne and Harris",2026-05-21 02-02-44,True
95,14,569.44,Bills,Henderson-Webb,2026-06-02 17-46-53,False
96,21,145.08,Food,Norman-Murphy,2026-04-25 19-04-58,False
97,74,701.67,Bills,"Nelson, Byrd and Mitchell",2026-01-10 03-47-14,False
98,26,375.63,Entertainment,"Everett, Lewis and Wilson",2026-02-01 06-17-10,True
99,10,357.46,Bills,Castro Group,2026-01-10 06-08-22,True
100,53,6.52,Bills,Wheeler Ltd,2026-03-22 12-32-45,False
101,81,880.63,Food,Walker-Garza,2026-04-18 16-39-39,True
102,5,568.45,Bills,"Smith, Duran and Moore",2026-03-03 03-03-35,False
103,52,576.33,Food,Glenn PLC,2026-05-05 10-02-05,False
104,90,577.98,Shopping,Lopez Group,2026-01-28 18-26-02,True
105,32,413.65,Shopping,"Williams, Vincent and Monroe",2026-02-02 10-44-25,False
106,3,720.73,Food,Carey-Cox,2026-04-26 13-41-07,True
107,9,198.42,Food,"Mata, Robles and Rocha",2026-05-25 06-41-15,False
108,18,745.72,Entertainment,Ford-Cox,2026-05-06 03-52-24,False
109,77,679.72,Shopping,Taylor LLC,2026-01-01 10-55-37,True
110,38,530.34,Food,"Richardson, Torres and Haynes",2026-03-31 06-31-06,True
111,3,176.83,Shopping,"Hayden, Robinson and Alexander",2026-01-10 20-26-43,False
112,24,17.85,Shopping,Doyle-Torres,2026-01-12 13-56-12,False
113,10,485.95,Food,Conner-Knox,2026-01-28 03-49-21,False
114,80,305.53,Food,"Braun, Harvey and Caldwell",2026-04-01 15-38-01,True
115,64,56.75,Entertainment,Davis-Bridges,2026-03-31 14-04-42,False
116,38,69.89,Bills,"Turner, Jones and Guzman",2026-06-13 12-26-11,False
117,93,452.76,Shopping,Walker Group,2026-05-20 21-08-02,False
118,27,845.82,Food,Hernandez and Sons,2026-01-12 20-18-46,True
119,60,478.38,Food,Joseph Inc,2026-06-15 00-36-06,False
120,68,879.96,Shopping,Sparks Ltd,2026-05-07 09-21-06,True
121,80,39.68,Shopping,Mclean-Martinez,2026-05-29 13-28-26,True
122,17,90.22,Shopping,Tyler-Carey,2026-03-16 10-23-23,True
123,28,19.29,Bills,Richard and Sons,2026-05-01 05-47-15,True
124,65,248.56,Bills,Fields and Sons,2026-02-03 06-56-57,False
125,83,931.68,Shopping,"Bowen, Krueger and Shea",2026-04-16 03-28-03,True
126,37,94.49,Shopping,"Murphy, Wood and Thomas",2026-04-20 01-37-42,False
127,88,656.05,Entertainment,Moore Inc,2026-05-31 15-04-52,True
128,43,227.67,Entertainment,"Bradshaw, Sutton and Owens",2026-05-25 23-25-56,True
129,7,445.25,Entertainment,Carpenter Group,2026-01-05 12-28-02,False
130,32,271.49,Food,Morgan LLC,2026-02-20 04-04-58,True
131,59,272.02,Entertainment,Kramer and Sons,2026-01-17 14-50-53,False
132,58,511.46,Bills,"Walter, Nash and Wiley",2026-02-16 01-30-40,True
133,75,111.5,Entertainment,"Garcia, Rice and Bennett",2026-02-05 16-59-37,True
134,52,1.76,Food,Wilson PLC,2026-03-28 11-10-19,False
135,71,186.98,Entertainment,Houston and Sons,2026-01-16 23-34-32,False
136,48,259.61,Bills,"Noble, Durham and Fox",2026-05-01 04-49-51,False
137,47,728.49,Bills,Price PLC,2026-05-25 06-37-24,False
138,2,692.52,Bills,Robinson PLC,2026-03-31 03-31-01,True
139,63,754.33,Entertainment,Beck-Rich,2026-03-01 05-58-51,False
140,21,25.47,Shopping,"Calhoun, Andrews and Mcdonald",2026-03-13 22-57-52,False
141,61,109.83,Bills,Moore Inc,2026-01-01 21-37-36,False
142,83,812.71,Shopping,Hughes Inc,2026-03-18 09-04-10,False
143,60,594.99,Entertainment,Gonzales-Cruz,2026-04-02 15-47-45,False
144,33,720.77,Shopping,"Brown, Lopez and Elliott",2026-04-23 12-07-40,True
145,37,9.46,Entertainment,"Nichols, Mooney and Castaneda",2026-01-14 09-10-53,False
146,39,922.99,Shopping,"Brown, Bailey and Perez",2026-03-14 07-42-27,False
147,14,970.06,Bills,Taylor-Johnson,2026-04-12 02-01-39,False
148,8,154.27,Shopping,"Matthews, Williams and Snyder",2026-02-12 01-58-18,True
149,23,13.26,Entertainment,"Keller, Davila and Copeland",2026-04-12 03-43-21,True
150,5,526.88,Food,Roberts-Rodgers,2026-04-28 09-07-38,True
151,79,42.05,Shopping,Dixon-Thomas,2026-02-28 00-52-18,True
152,32,14.8,Entertainment,"Jones, Pierce and Davis",2026-06-06 06-09-24,True
153,62,862.46,Bills,Collins Group,2026-05-05 10-00-30,True
154,65,500.43,Entertainment,Stone-Byrd,2026-03-11 11-17-18,False
155,59,14.71,Bills,"Mcfarland, Cox and Christian",2026-02-06 09-34-46,False
156,58,909.02,Bills,Harper-Lowery,2026-04-29 00-07-37,False
157,18,777.56,Bills,"Lamb, Vega and Boyle",2026-03-24 03-52-00,False
158,41,798.61,Food,"Williams, Miles and Deleon",2026-05-04 14-02-21,True
159,47,177.88,Food,Mosley Ltd,2026-06-08 10-33-23,False
160,56,488.36,Food,Wright Inc,2026-01-10 08-33-13,False
161,10,929.37,Food,Hines-Carlson,2026-01-13 21-41-01,False
162,85,282.12,Food,Garner LLC,2026-02-02 04-17-53,False
163,52,979.84,Food,Morris LLC,2026-02-19 16-10-26,True
164,94,931.75,Shopping,"Perry, Williams and Ramirez",2026-05-28 12-23-18,True
165,10,5.66,Shopping,"Martin, Rivera and Gill",2026-02-12 11-55-14,True
166,30,846.07,Shopping,"Ramirez, Brown and Joyce",2026-06-01 10-29-29,False
167,46,696.04,Bills,Avery Group,2026-05-07 05-01-44,False
168,90,46.21,Food,Bird-Burgess,2026-04-04 01-58-11,True
169,92,381.04,Bills,Thomas Ltd,2026-06-10 11-52-32,False
170,25,429.73,Food,"Montoya, Nichols and Cruz",2026-03-23 03-09-40,False
171,29,579.51,Food,Mclean-Michael,2026-03-26 09-38-41,True
172,60,709.07,Shopping,"Cunningham, Brooks and Williams",2026-01-26 07-12-15,True
173,84,765.4,Food,Bush LLC,2026-04-21 18-39-20,False
174,77,33.33,Shopping,"Durham, White and Collins",2026-01-20 17-31-04,False
175,49,745.74,Shopping,Diaz Group,2026-05-12 18-05-53,True
176,28,186.54,Shopping,Thompson Inc,2026-03-31 00-40-20,False
177,86,970.6,Food,"Higgins, Peterson and Hughes",2026-03-24 10-48-15,False
178,70,472.09,Bills,"Pitts, Mccann and Hernandez",2026-01-19 08-50-06,True
179,11,341.76,Bills,Villanueva Group,2026-03-25 14-46-41,False
180,73,514.52,Shopping,Payne LLC,2026-01-11 02-59-04,True
181,93,801.61,Entertainment,"Tyler, Anderson and Weaver",2026-03-08 20-54-44,False
182,36,160.34,Shopping,Beck-Phillips,2026-06-17 05-53-45,True
183,30,335.9,Shopping,"Taylor, Mccoy and Mack",2026-01-31 15-05-31,False
184,43,737.7,Food,"Coleman, Washington and Holden",2026-04-07 11-53-32,False
185,49,170.6,Shopping,Sherman LLC,2026-06-12 09-21-28,True
186,37,164.82,Food,Graves and Sons,2026-05-20 21-42-43,True
187,97,387.03,Shopping,"Atkins, Lucero and Swanson",2026-01-20 15-31-09,True
188,50,375.21,Food,Jordan Ltd,2026-04-07 18-13-03,False
189,1,637.23,Food,"Dudley, White and Weaver",2026-04-04 16-59-41,True
190,12,379.76,Shopping,"Hull, Wong and Jacobs",2026-02-16 06-20-10,False
191,14,530.23,Entertainment,Wilson LLC,2026-05-17 23-55-45,True
192,18,761.8,Entertainment,Kelly-Nichols,2026-01-17 13-40-39,True
193,25,131.55,Shopping,"Jones, Andrews and Buchanan",2026-06-09 19-59-24,False
194,11,339.14,Food,Forbes-Huerta,2026-02-09 02-08-12,True
195,18,893.05,Entertainment,Sanchez PLC,2026-02-02 16-42-46,True
196,45,599.48,Food,Lamb-Jackson,2026-03-20 01-46-44,True
197,47,776.72,Food,"Harvey, Anderson and Davis",2026-04-23 01-01-50,True
198,78,303.12,Bills,"Williams, Gutierrez and Hebert",2026-04-23 16-37-07,False
199,33,697.59,Food,"Taylor, Stephens and Rice",2026-02-27 08-41-27,False
200,100,592.93,Bills,"Foster, Gonzales and Velasquez",2026-03-05 02-50-29,False
201,73,365.89,Bills,"Scott, Murphy and Conrad",2026-02-02 22-14-43,False
202,83,399.81,Food,Wiggins Group,2026-02-08 19-27-50,False
203,20,187.9,Shopping,"Hill, Hoover and Chandler",2026-02-19 06-17-49,False
204,89,616.39,Entertainment,"Washington, Castro and Norris",2026-02-23 03-12-04,False
205,43,281.21,Bills,"Thomas, Rhodes and Peterson",2026-06-16 00-13-35,False
206,80,400.31,Entertainment,Orozco-Campos,2026-05-23 01-27-20,True
207,14,601.97,Bills,Steele Group,2026-02-27 20-28-47,False
208,90,860.73,Shopping,Jacobson Ltd,2026-03-18 06-42-17,False
209,92,187.11,Entertainment,Flores-Porter,2026-04-09 12-02-54,False
210,72,26.55,Food,"Velez, Brown and Carter",2026-02-01 09-50-42,True
211,58,645.6,Shopping,Green-Jensen,2026-03-16 00-44-17,True
212,68,870.59,Entertainment,Sullivan Group,2026-05-27 19-59-20,True
213,86,799.82,Shopping,Boyer-Martinez,2026-06-09 14-32-05,False
214,29,794.42,Entertainment,"Edwards, Scott and Wilkinson",2026-04-11 15-59-45,False
215,52,826.14,Entertainment,Chang-Young,2026-02-14 16-29-44,True
216,79,465.55,Entertainment,Morales Ltd,2026-01-27 05-16-39,True
217,42,217.34,Shopping,"Parker, Williams and Chang",2026-02-07 16-02-24,True
218,81,559.31,Bills,"Cook, Dixon and West",2026-02-07 00-49-56,False
219,74,216.48,Food,"Acevedo, Bowers and Jones",2026-04-05 06-08-55,False
220,14,493.39,Shopping,Pope-Edwards,2026-03-16 23-45-59,True
221,39,314.42,Entertainment,"Richards, Powell and Fitzgerald",2026-06-05 14-47-02,False
222,79,702.31,Bills,Gibson-Diaz,2026-04-11 05-41-29,False
223,13,334.15,Entertainment,"Nielsen, Goodman and Cardenas",2026-03-16 19-02-03,True
224,53,505.04,Entertainment,Carrillo Ltd,2026-03-26 14-49-11,True
225,3,49.62,Entertainment,Sanders-Carrillo,2026-05-16 08-45-50,True
226,99,768.81,Shopping,"Porter, Holland and Russell",2026-06-15 22-02-20,True
227,69,214.35,Entertainment,White Inc,2026-05-29 05-38-40,False
228,8,567.87,Shopping,Mack Ltd,2026-02-02 01-24-27,True
229,15,67.78,Food,Howard Group,2026-01-01 21-39-54,False
230,22,285.32,Shopping,Thomas-Cardenas,2026-01-07 18-08-00,True
231,48,100.7,Bills,Bennett Inc,2026-05-20 00-05-06,False
232,80,475.04,Bills,Walsh-Yu,2026-02-11 16-01-41,True
233,86,306.89,Entertainment,Melendez Ltd,2026-04-09 21-54-39,False
234,20,782.69,Bills,"Crawford, Campbell and Kaiser",2026-03-12 10-49-57,True
235,82,948.58,Food,Romero-Chapman,2026-04-25 08-42-55,False
236,76,911.73,Shopping,"Mays, Ellison and Hernandez",2026-01-01 15-19-33,True
237,81,325.74,Bills,Johnson-Watson,2026-03-07 07-07-56,True
238,67,257.25,Food,Gordon-Taylor,2026-04-25 16-05-35,False
239,61,655.78,Food,"Wilson, Becker and Graham",2026-05-23 00-58-13,False
240,51,989.75,Shopping,"Maldonado, Bryant and Chambers",2026-02-11 03-59-34,True
241,15,572.39,Bills,Bush and Sons,2026-03-13 14-11-19,True
242,88,640.89,Entertainment,"Murphy, Mcgee and Brown",2026-04-20 22-08-56,True
243,96,226.33,Shopping,"King, Harrington and Trujillo",2026-04-06 07-28-23,True
244,89,356.56,Bills,"Hernandez, Marsh and Fletcher",2026-04-13 07-01-48,False
245,70,903.28,Bills,Obrien Group,2026-03-08 17-44-51,False
246,29,769.33,Entertainment,Chapman Ltd,2026-03-28 16-01-14,True
247,81,305.5,Shopping,Carter-Rivas,2026-04-14 11-09-28,False
248,100,395.49,Entertainment,Cisneros LLC,2026-05-07 06-22-52,True
249,96,144.48,Shopping,"Sanford, Wolf and Chang",2026-01-17 15-47-17,False
250,19,383.84,Shopping,Young Inc,2026-06-11 01-25-35,False
251,15,204.05,Bills,"Gilbert, Terry and Holloway",2026-04-10 15-09-45,True
252,99,91.56,Food,Riley-Scott,2026-02-20 13-04-20,True
253,78,846.88,Bills,Lindsey Ltd,2026-03-21 17-57-33,True
254,49,606.36,Entertainment,"Harper, Adams and White",2026-04-18 06-31-23,True
255,17,30.61,Food,Gonzalez PLC,2026-05-01 17-46-56,False
256,11,410.4,Entertainment,"Anderson, Gutierrez and Parker",2026-05-24 04-59-55,False
257,10,154.38,Food,Schroeder-Watkins,2026-05-15 03-55-14,True
258,88,192.77,Bills,"Hall, Lewis and Kim",2026-05-31 21-42-01,False
259,52,812.1,Bills,Hamilton Ltd,2026-04-17 04-21-52,False
260,41,806.8,Bills,Green and Sons,2026-02-13 13-22-47,True
261,26,345.48,Bills,Hernandez Inc,2026-04-15 19-34-51,True
262,41,845.63,Food,Meyer-Guzman,2026-02-08 04-17-27,True
263,93,898.98,Bills,Pierce Inc,2026-03-12 06-02-18,False
264,39,979.32,Bills,"Diaz, Adams and Campbell",2026-02-04 17-17-14,False
265,46,369.58,Shopping,Hughes LLC,2026-06-19 03-40-36,False
266,57,536.64,Bills,Jones-Sanders,2026-04-19 03-11-48,True
267,53,681.86,Food,"Roberts, Mendoza and Smith",2026-01-07 17-35-45,False
268,16,19.87,Bills,Russell-Christensen,2026-05-14 01-52-03,False
269,64,615.51,Bills,Foley-Banks,2026-03-24 22-17-44,False
270,72,389.75,Food,Bass Inc,2026-04-29 12-28-24,True
271,23,261.96,Bills,Wright-Mcneil,2026-01-07 23-52-44,True
272,75,641.29,Entertainment,"Humphrey, Holt and Gillespie",2026-02-08 08-52-33,True
273,1,79.54,Shopping,Richardson Ltd,2026-02-19 09-35-27,False
274,33,329.64,Food,Green LLC,2026-04-30 20-38-43,True
275,6,357.45,Entertainment,Smith Ltd,2026-04-10 16-55-55,False
276,3,684.83,Bills,"Powers, Edwards and Obrien",2026-05-05 17-20-24,False
277,22,316.5,Food,Boyd Group,2026-01-27 23-38-10,True
278,30,648.41,Food,Miller-Mendez,2026-03-02 00-27-04,True
279,24,534.78,Shopping,"Sanchez, Powers and Lopez",2026-05-29 15-48-13,False
280,31,665.51,Food,"Berger, Chapman and Baxter",2026-03-11 04-57-46,True
281,18,624.23,Entertainment,Kemp-Douglas,2026-01-19 22-22-16,True
282,51,692.46,Food,Mccarthy Group,2026-03-28 14-46-24,False
283,7,69.46,Entertainment,"Gonzalez, Clements and Robinson",2026-02-18 07-08-46,True
284,17,93.13,Food,Williams Ltd,2026-04-08 12-18-50,True
285,86,247.22,Food,Brewer-Allen,2026-04-17 13-46-43,True
286,45,554.25,Food,Anderson Ltd,2026-02-20 07-59-32,True
287,41,441.84,Bills,"Finley, Russell and Mckinney",2026-03-28 10-06-25,True
288,87,935.45,Bills,"Tapia, Miller and King",2026-03-04 20-10-44,False
289,36,783.99,Shopping,Pena Group,2026-04-17 11-25-27,False
290,17,310.44,Shopping,Quinn Inc,2026-06-16 17-58-16,False
291,20,470.72,Shopping,Jackson-Banks,2026-01-04 23-09-41,False
292,24,993.2,Bills,Martinez-Walters,2026-05-23 08-02-45,False
293,67,366.78,Entertainment,"Roberts, Hernandez and Russell",2026-01-07 09-42-47,False
294,20,734.1,Food,Adams Inc,2026-01-01 18-30-21,False
295,61,687.02,Entertainment,Forbes Ltd,2026-03-04 14-31-47,False
296,8,942.9,Bills,Blankenship LLC,2026-03-20 03-10-44,False
297,50,331.02,Shopping,Miller Inc,2026-04-18 08-37-13,False
298,67,988.46,Entertainment,"Stevens, Soto and Rangel",2026-04-06 16-20-49,True
299,15,85.95,Food,"Hernandez, Norris and Murphy",2026-02-14 01-05-03,False
300,47,592.06,Shopping,Hammond-Butler,2026-03-29 03-53-24,True
301,49,750.86,Shopping,Wang and Sons,2026-03-28 07-27-02,False
302,52,209.83,Shopping,"Powell, Huffman and Wilcox",2026-02-20 22-32-28,True
303,89,14.66,Shopping,Ward Ltd,2026-04-06 16-08-56,False
304,50,960.39,Bills,Nicholson-Goodman,2026-04-01 01-04-49,True
305,25,159.56,Shopping,Chavez Group,2026-06-05 21-29-58,True
306,66,611.7,Food,Hale PLC,2026-02-14 22-37-17,True
307,29,333.81,Shopping,Hernandez-Brennan,2026-01-31 10-07-46,True
308,33,37.14,Food,Mills Inc,2026-04-19 05-43-32,False
309,28,850.85,Food,Harper-Stuart,2026-01-31 09-34-24,True
310,100,556.6,Shopping,Woods Inc,2026-03-18 22-57-49,False
311,49,642.64,Food,Campbell PLC,2026-01-07 02-10-13,False
312,55,505.34,Shopping,"West, Davis and King",2026-04-20 04-24-54,False
313,7,966.26,Food,"Foster, Morales and Williamson",2026-04-18 04-37-34,False
314,13,906.78,Shopping,Davis LLC,2026-05-26 00-47-31,False
315,16,351.33,Entertainment,Ramirez Ltd,2026-04-12 03-48-26,True
316,68,975.33,Food,"Rogers, Garcia and Smith",2026-05-25 08-25-45,True
317,26,331.88,Bills,Strong and Sons,2026-02-06 21-53-42,False
318,89,795.41,Shopping,Carter PLC,2026-01-20 13-12-23,False
319,43,175.12,Entertainment,Kelley Group,2026-02-03 19-24-55,True
320,21,589.7,Bills,Franklin Ltd,2026-05-08 09-20-23,False
321,85,248.2,Bills,"Huber, Hernandez and Arroyo",2026-04-24 13-23-32,True
322,30,198.1,Bills,"Martin, Smith and Warren",2026-05-12 07-54-43,False
323,83,645.59,Entertainment,"Smith, Ryan and Barnes",2026-02-21 00-41-19,False
324,66,282.41,Bills,"Lee, Gonzalez and Copeland",2026-01-30 04-02-10,False
325,64,473.82,Bills,Reeves LLC,2026-05-08 03-17-41,True
326,3,868.54,Entertainment,Clark-Bailey,2026-03-03 12-44-06,True
327,64,42.46,Shopping,Shea-Nelson,2026-03-10 18-37-48,False
328,36,342.95,Shopping,Butler LLC,2026-03-31 08-13-26,False
329,7,209.57,Bills,Simmons-Farmer,2026-06-06 14-54-05,True
330,17,939.01,Entertainment,Perez Inc,2026-03-17 00-20-08,False
331,35,636.45,Bills,Duke-Bryan,2026-03-23 03-39-46,False
332,10,250.68,Shopping,"Stevenson, Tyler and Phillips",2026-04-17 00-22-43,False
333,7,208.16,Entertainment,"Rivera, Blanchard and Gallagher",2026-01-26 10-55-14,True
334,96,720.78,Food,Diaz-Collins,2026-05-05 17-32-39,True
335,70,291.59,Entertainment,Richard-Fisher,2026-04-05 01-57-51,False
336,49,847.0,Shopping,"Stewart, Rodriguez and Chan",2026-03-09 08-20-40,False
337,16,196.91,Entertainment,Ford-Simpson,2026-05-17 11-06-53,True
338,97,517.29,Shopping,"Herrera, Contreras and Parker",2026-05-15 20-47-50,False
339,32,931.8,Entertainment,"Bryant, Keller and Graves",2026-01-04 22-37-50,False
340,51,525.23,Food,Sanchez Ltd,2026-03-06 10-48-01,True
341,21,552.91,Bills,Graves Ltd,2026-02-02 19-14-13,True
342,53,623.92,Shopping,Adams-Young,2026-01-04 16-45-18,False
343,23,295.63,Shopping,Shaw Group,2026-04-24 15-44-38,False
344,54,657.78,Entertainment,Berger Group,2026-04-03 08-52-54,True
345,100,538.01,Entertainment,Gamble Inc,2026-04-05 07-27-24,False
346,5,45.13,Shopping,Hatfield-Knox,2026-03-21 21-14-37,False
347,59,575.3,Shopping,Williams-Fleming,2026-01-05 06-48-43,False
348,87,316.25,Entertainment,Murray-Anderson,2026-05-23 11-21-09,False
349,75,679.84,Bills,"Smith, Payne and Johnson",2026-05-03 18-33-53,True
350,42,108.42,Bills,Wilson PLC,2026-05-25 01-40-27,False
351,58,32.12,Shopping,Hickman-Parsons,2026-04-16 06-16-03,False
352,20,156.61,Food,Reynolds-Thomas,2026-03-11 03-58-20,False
353,62,797.55,Entertainment,Reyes Ltd,2026-04-14 03-16-59,True
354,47,668.78,Entertainment,Davies PLC,2026-02-27 07-54-42,True
355,49,558.23,Shopping,"Lang, Wise and Hammond",2026-03-22 23-17-59,False
356,20,236.9,Entertainment,Chambers-Ayala,2026-04-21 09-35-46,False
357,37,284.02,Food,Davis-Gay,2026-03-22 13-35-00,False
358,84,188.89,Shopping,"Porter, Velazquez and Stewart",2026-01-19 19-57-15,True
359,40,422.15,Bills,Adkins-Castillo,2026-01-11 17-01-07,True
360,51,270.85,Food,Moore Group,2026-02-19 08-54-39,True
361,78,672.36,Shopping,Garcia Ltd,2026-04-22 06-51-48,True
362,11,10.01,Entertainment,Casey and Sons,2026-06-02 12-52-12,False
363,79,829.32,Bills,Murphy Ltd,2026-02-10 15-05-29,True
364,79,924.52,Entertainment,Harris-Ryan,2026-04-06 01-16-30,True
365,81,154.78,Shopping,Mendoza Inc,2026-05-10 11-49-09,False
366,42,111.56,Shopping,Oliver-Atkins,2026-01-08 13-28-33,True
367,43,16.9,Bills,Ritter-Gomez,2026-05-16 05-31-48,False
368,68,622.28,Shopping,Mckee Group,2026-05-04 14-30-27,True
369,41,97.45,Bills,Collins Group,2026-02-08 05-25-54,False
370,6,586.79,Bills,"Jordan, Mcdonald and Tapia",2026-03-23 23-51-29,True
371,36,810.52,Shopping,Lee Inc,2026-03-11 18-11-29,True
372,94,942.11,Food,Mathews LLC,2026-01-16 07-46-45,False
373,11,719.38,Food,Richard Inc,2026-06-12 21-23-09,True
374,3,919.94,Bills,Henry-Mitchell,2026-04-03 11-47-06,True
375,99,502.49,Bills,Rodriguez Ltd,2026-05-11 17-59-54,False
376,80,498.04,Shopping,Leonard Ltd,2026-06-16 22-31-19,True
377,65,127.55,Entertainment,King-Sanford,2026-02-14 03-19-43,False
378,91,77.88,Food,Powell PLC,2026-01-18 16-04-25,False
379,40,312.83,Bills,Thomas LLC,2026-02-21 15-23-50,False
380,39,969.89,Food,Rodriguez Group,2026-04-04 19-19-29,True
381,25,882.62,Shopping,"Lucas, Sawyer and Bright",2026-02-25 07-12-46,True
382,55,822.64,Entertainment,"Jimenez, Long and Mcgee",2026-01-02 18-03-23,False
383,58,662.39,Bills,"Hernandez, Williams and Smith",2026-01-29 21-55-12,True
384,9,429.44,Bills,Williams LLC,2026-06-09 19-43-39,True
385,84,208.22,Bills,"Jennings, White and Duncan",2026-03-27 19-53-42,False
386,89,856.83,Entertainment,"Carrillo, Knight and Duncan",2026-01-28 14-42-46,True
387,99,35.63,Entertainment,"Scott, Burch and Thompson",2026-04-09 10-14-07,False
388,18,165.89,Food,Smith and Sons,2026-02-23 20-57-47,True
389,1,705.25,Entertainment,"Anderson, Logan and Lawrence",2026-04-14 05-40-51,True
390,55,719.95,Bills,Valencia-Donaldson,2026-05-19 18-16-56,False
391,57,735.31,Food,Day and Sons,2026-05-19 01-49-42,True
392,70,896.21,Entertainment,"Dean, Watson and Howard",2026-06-14 23-45-08,True
393,77,867.91,Bills,"Thomas, Harrison and Thompson",2026-03-24 09-56-53,False
394,89,30.0,Bills,Trujillo-Peterson,2026-01-24 12-13-21,True
395,16,796.53,Bills,Adkins LLC,2026-05-02 19-01-53,False
396,29,913.46,Food,"Morgan, Martinez and Parks",2026-02-26 04-52-23,False
397,8,423.2,Entertainment,Turner-Martin,2026-02-22 11-22-00,True
398,26,339.91,Bills,"Robinson, Elliott and Riley",2026-05-19 08-31-49,False
399,40,823.09,Shopping,"Mack, Campbell and Nunez",2026-06-14 22-39-31,False
400,5,794.22,Food,"Daniels, Lewis and Walton",2026-04-30 11-12-47,True
401,71,712.61,Food,Ward-Harris,2026-02-19 06-21-42,True
402,15,83.76,Bills,Tucker PLC,2026-05-25 07-17-14,False
403,79,253.12,Bills,Vasquez-Ross,2026-04-16 19-34-08,False
404,5,307.86,Food,Perez-Gomez,2026-04-20 09-02-35,False
405,30,123.64,Food,"Hart, Scott and Parsons",2026-04-29 01-32-47,False
406,4,752.23,Bills,Bradley PLC,2026-03-13 17-10-46,False
407,19,173.48,Food,Morton Group,2026-02-14 08-12-18,False
408,99,631.06,Food,Mathews Ltd,2026-02-23 04-21-13,True
409,76,784.92,Shopping,Hurley PLC,2026-03-30 04-05-04,False
410,29,597.41,Food,Floyd-Hernandez,2026-05-14 03-35-22,False
411,1,407.68,Shopping,Garcia-Freeman,2026-01-10 00-32-21,True
412,46,882.48,Bills,"Brewer, Lopez and Saunders",2026-01-09 22-56-33,True
413,66,526.96,Bills,"Jones, Mcpherson and Schroeder",2026-03-04 12-05-21,True
414,32,423.95,Entertainment,White-Marshall,2026-06-07 16-19-05,False
415,58,983.68,Shopping,Lane-Greer,2026-06-01 21-02-47,True
416,70,892.87,Entertainment,Donovan Ltd,2026-02-12 12-46-35,False
417,77,1.17,Shopping,Trujillo-Wright,2026-03-25 10-22-00,False
418,41,848.32,Food,Henderson Group,2026-06-17 07-00-18,True
419,29,336.73,Bills,Lee Group,2026-05-26 12-29-23,False
420,88,157.37,Bills,Bruce LLC,2026-05-18 03-04-16,False
421,100,940.25,Entertainment,"Hopkins, Alvarado and Todd",2026-02-01 20-20-14,True
422,94,287.51,Food,Tran Group,2026-06-17 06-53-52,True
423,42,759.0,Food,Evans Inc,2026-01-21 21-42-15,False
424,23,364.11,Bills,Mcgee and Sons,2026-05-04 16-54-11,True
425,29,27.37,Food,Pitts Ltd,2026-03-24 08-29-31,True
426,28,22.64,Shopping,Mcclure PLC,2026-02-10 18-21-20,False
427,10,841.91,Entertainment,Parks-Grimes,2026-01-16 08-59-28,True
428,46,293.62,Entertainment,"Rojas, Fields and Wheeler",2026-01-18 11-04-41,True
429,33,470.8,Bills,Figueroa Inc,2026-02-23 05-38-31,True
430,10,350.65,Food,"Smith, Snow and Lawson",2026-01-01 13-46-06,True
431,82,744.6,Bills,"Flores, Carlson and Baker",2026-03-11 19-04-08,False
432,96,380.72,Shopping,Haynes Group,2026-03-28 09-51-16,False
433,48,529.62,Shopping,Matthews Ltd,2026-03-17 13-06-13,False
434,98,723.72,Shopping,Rocha Group,2026-03-15 23-08-26,False
435,72,41.78,Food,Schmidt-Chambers,2026-05-24 02-52-37,False
436,95,996.67,Food,Clarke-Simon,2026-02-15 14-15-42,True
437,91,741.7,Entertainment,Riley LLC,2026-01-22 18-19-45,True
438,48,112.76,Shopping,"Jones, Mendoza and Medina",2026-05-30 00-58-30,False
439,58,380.01,Bills,Walsh Inc,2026-03-04 12-15-46,False
440,48,866.32,Entertainment,"Mason, Grant and Chandler",2026-01-02 14-31-24,False
441,26,999.19,Shopping,Castillo Ltd,2026-06-06 00-05-16,True
442,93,573.34,Entertainment,"Anderson, Daugherty and Brown",2026-03-10 09-54-58,True
443,18,888.67,Shopping,"Paul, Guerrero and Brooks",2026-02-16 11-30-13,False
444,60,748.17,Entertainment,Hale LLC,2026-05-29 12-37-21,True
445,54,599.16,Bills,Anderson LLC,2026-05-09 23-05-33,False
446,85,71.52,Food,Hernandez-Maldonado,2026-01-08 15-59-18,True
447,58,320.96,Food,Griffin-Sharp,2026-03-29 10-09-10,True
448,36,309.62,Bills,Hardy-Foster,2026-01-17 23-35-06,False
449,50,687.51,Bills,Doyle-Johnson,2026-05-21 18-35-02,False
450,23,501.55,Food,Nelson Inc,2026-04-28 18-46-26,False
451,30,600.45,Bills,"Molina, Luna and Wood",2026-05-18 06-53-26,False
452,86,298.69,Entertainment,"Jackson, Johnson and Tate",2026-02-13 20-46-24,True
453,13,346.3,Shopping,Haas PLC,2026-01-06 18-12-34,False
454,22,451.71,Shopping,"Cabrera, Vincent and Wilson",2026-04-12 21-09-42,False
455,24,318.52,Bills,Paul and Sons,2026-04-07 03-05-36,True
456,21,917.0,Bills,Byrd PLC,2026-02-19 05-08-23,False
457,15,477.54,Shopping,Miller and Sons,2026-02-18 15-19-20,True
458,51,323.85,Shopping,Sanders Ltd,2026-04-27 11-58-43,False
459,52,520.27,Bills,Shah-Smith,2026-01-25 05-06-02,True
460,44,428.46,Entertainment,"Miles, Hill and Simmons",2026-03-29 22-50-03,False
461,17,258.93,Shopping,Sanchez Inc,2026-03-30 17-19-08,True
462,72,923.03,Shopping,Holloway-Chase,2026-03-01 08-53-40,False
463,13,191.7,Bills,"Myers, Cross and Andrews",2026-04-20 09-37-32,False
464,38,111.3,Food,Vega and Sons,2026-04-11 06-31-32,False
465,52,662.11,Shopping,Hernandez Group,2026-04-11 12-57-05,False
466,48,722.95,Shopping,Schmidt Inc,2026-04-21 11-05-47,False
467,33,798.03,Food,"Hansen, Wood and Castaneda",2026-03-12 02-34-44,True
468,18,457.07,Food,Arnold PLC,2026-02-14 23-15-03,True
469,52,957.9,Entertainment,Keller LLC,2026-02-02 22-30-04,False
470,50,465.39,Shopping,Miller-Cunningham,2026-02-21 00-01-06,True
471,27,110.79,Entertainment,Jimenez and Sons,2026-04-07 18-44-49,False
472,51,14.85,Food,"Blackwell, Gibson and Smith",2026-05-26 05-44-36,True
473,74,43.16,Bills,"Martinez, Morgan and Townsend",2026-02-08 13-02-53,True
474,10,937.3,Entertainment,Cervantes-Richardson,2026-06-03 14-39-20,True
475,90,479.11,Shopping,Andrews-Mcgrath,2026-01-09 17-43-10,False
476,6,937.69,Food,"Williams, Mosley and Ward",2026-04-06 11-38-05,True
477,60,153.61,Food,"Harrison, Mcintyre and Green",2026-04-25 17-11-46,True
478,83,937.79,Shopping,Guerra-Allison,2026-03-31 22-04-54,False
479,100,543.71,Entertainment,"Simpson, Weiss and Johnston",2026-02-19 13-00-07,True
480,45,24.28,Food,Cruz Inc,2026-05-02 01-20-50,True
481,45,775.87,Bills,Thomas Group,2026-01-20 09-44-41,False
482,73,262.07,Entertainment,Simmons-Sullivan,2026-04-19 08-54-57,True
483,62,457.61,Shopping,Lawrence Ltd,2026-04-12 21-11-56,False
484,45,208.9,Bills,"Bauer, Williams and Stevenson",2026-05-15 21-30-02,True
485,12,160.08,Shopping,"Lambert, Edwards and Reed",2026-03-05 07-36-14,False
486,77,756.77,Entertainment,Malone-Haas,2026-05-11 11-57-39,True
487,68,711.79,Shopping,Robinson-Aguilar,2026-06-12 23-11-55,False
488,67,6.03,Shopping,"Melendez, Best and Rivera",2026-01-23 11-15-54,True
489,24,936.25,Bills,Santos-Campbell,2026-05-19 01-23-09,False
490,86,10.5,Shopping,"Hendricks, Thompson and Petty",2026-02-25 12-42-20,True
491,75,257.11,Entertainment,Charles-Carson,2026-03-24 02-13-41,True
492,92,553.31,Entertainment,Wood-Davis,2026-05-01 22-56-54,True
493,14,581.2,Food,"Phillips, Weber and Ross",2026-02-23 02-13-06,False
494,94,727.32,Bills,Brown-Webster,2026-05-01 01-58-24,False
495,19,459.02,Bills,Davenport-Ortega,2026-03-11 17-40-54,True
496,21,57.4,Bills,"Johnson, Kelly and Fleming",2026-05-06 12-47-48,True
497,89,740.44,Shopping,"Murray, Forbes and Edwards",2026-05-03 05-09-00,True
498,56,170.63,Shopping,"Thompson, Cisneros and Mathis",2026-01-09 21-29-04,False
499,12,949.31,Entertainment,Gonzales-Collins,2026-06-08 03-31-25,True
500,18,770.28,Bills,Merritt-Hanson,2026-05-29 00-40-24,False
501,39,820.24,Bills,Jordan-Reyes,2026-02-14 12-25-03,False
502,56,373.92,Shopping,Jensen PLC,2026-05-30 05-31-33,True
503,85,839.34,Bills,Kline PLC,2026-02-12 12-13-06,True
504,97,564.83,Bills,Meyer Inc,2026-06-15 01-39-32,True
505,16,220.67,Entertainment,"Sweeney, Mora and Young",2026-05-24 19-26-57,False
506,56,74.51,Entertainment,Obrien LLC,2026-04-02 14-27-47,False
507,38,415.5,Food,"Tate, Walsh and Martinez",2026-02-20 22-04-44,True
508,38,657.85,Bills,Roberson and Sons,2026-02-26 17-54-43,True
509,92,718.44,Shopping,"Estes, Smith and Medina",2026-05-30 17-59-49,True
510,88,448.31,Bills,Brown PLC,2026-02-15 21-59-09,True
511,95,635.67,Entertainment,"Collins, Hanson and Vazquez",2026-03-20 07-54-16,False
512,22,164.17,Entertainment,Bond-Miles,2026-05-14 11-38-18,False
513,38,549.75,Food,Martin Inc,2026-03-21 00-38-26,False
514,34,670.33,Entertainment,Gray Ltd,2026-05-06 01-19-37,False
515,97,63.81,Bills,Sims-Williams,2026-02-22 01-41-34,True
516,60,130.98,Shopping,Melendez LLC,2026-02-25 14-54-02,True
517,32,846.42,Entertainment,Mcgee-Jones,2026-02-12 11-38-10,True
518,23,410.13,Bills,Beck-Barron,2026-04-05 23-21-32,False
519,68,806.94,Entertainment,Smith Group,2026-05-17 03-59-21,False
520,65,791.09,Entertainment,"Gallagher, Potter and Dickson",2026-02-11 03-04-24,False
521,39,943.59,Entertainment,Sandoval LLC,2026-01-28 05-12-00,False
522,19,661.28,Bills,"Ortiz, Nguyen and Santiago",2026-03-06 21-57-26,True
523,51,902.66,Food,Golden-Barber,2026-05-25 16-28-10,True
524,62,263.33,Shopping,Schwartz-Mitchell,2026-03-06 07-52-59,True
525,66,596.9,Entertainment,Grimes Inc,2026-02-18 00-15-23,True
526,24,305.38,Shopping,"Hubbard, Lawson and Melendez",2026-06-06 12-20-01,False
527,58,422.75,Food,Brown Group,2026-02-27 14-33-29,True
528,37,979.39,Shopping,Harvey LLC,2026-04-27 13-07-02,True
529,52,995.34,Shopping,Stewart-Nelson,2026-06-19 06-51-46,True
530,31,659.82,Entertainment,Jones-Shaw,2026-05-07 07-52-01,True
531,64,177.0,Bills,"Johnson, Jordan and Carpenter",2026-02-25 06-15-45,False
532,12,735.92,Shopping,Wright-Webster,2026-06-10 06-54-27,True
533,67,753.03,Bills,Neal PLC,2026-02-19 23-37-39,True
534,57,8.24,Shopping,Calderon Group,2026-02-21 18-36-43,False
535,1,716.2,Shopping,"Parks, Boyd and Smith",2026-04-03 10-58-38,True
536,53,926.97,Food,"Owens, Vasquez and Chung",2026-02-24 05-48-28,False
537,94,669.46,Entertainment,"Sims, Page and Torres",2026-02-23 15-18-31,True
538,92,509.57,Food,Miller Group,2026-03-03 23-08-27,True
539,88,393.94,Food,Cook-Lee,2026-05-12 23-19-38,True
540,50,753.25,Bills,Davis-Harris,2026-01-31 15-09-19,False
541,5,201.12,Bills,Clark and Sons,2026-03-30 08-26-00,True
542,57,449.79,Entertainment,Edwards Group,2026-06-09 22-48-05,True
543,100,765.65,Bills,Padilla-Collins,2026-05-17 13-48-47,False
544,26,716.35,Bills,"Walton, Blackburn and Davis",2026-04-20 23-42-37,True
545,85,2.27,Entertainment,Jackson Ltd,2026-01-11 05-14-38,True
546,32,529.62,Food,"Gonzalez, Bishop and Mack",2026-04-05 05-26-03,True
547,70,187.08,Shopping,Ibarra-Garcia,2026-05-28 15-22-27,False
548,64,995.61,Food,Howard PLC,2026-06-17 20-35-42,False
549,86,231.5,Bills,"Dunlap, West and Roth",2026-03-06 15-24-19,False
550,14,117.3,Bills,"Dalton, Alexander and Garcia",2026-02-08 12-00-42,False
551,35,285.6,Shopping,"Valenzuela, Turner and Russo",2026-03-01 11-08-52,False
552,11,603.45,Food,"Garcia, Lindsey and Collier",2026-04-11 17-58-34,False
553,71,554.07,Bills,Hamilton Ltd,2026-04-09 16-00-25,True
554,24,742.7,Bills,Soto LLC,2026-05-03 01-27-38,True
555,10,738.92,Food,"Todd, Brown and Scott",2026-03-06 21-51-59,True
556,74,836.5,Bills,Valdez and Sons,2026-03-26 05-37-14,False
557,63,446.25,Entertainment,Bond PLC,2026-06-13 10-05-11,False
558,6,201.3,Bills,"Moore, Jones and Zimmerman",2026-03-28 16-57-27,False
559,27,242.56,Shopping,Perez Group,2026-01-24 09-02-33,True
560,63,668.82,Entertainment,Martinez and Sons,2026-01-02 04-02-56,True
561,48,789.82,Bills,Phillips Ltd,2026-04-03 21-55-12,False
562,50,986.85,Food,Wolfe Group,2026-04-23 20-24-48,False
563,66,353.43,Shopping,Whitehead LLC,2026-01-16 21-30-26,False
564,50,569.14,Bills,Parker-Bird,2026-01-05 14-47-45,False
565,71,578.2,Entertainment,Pearson-Herman,2026-03-29 23-41-01,True
566,17,81.48,Food,"Berger, Dennis and Johnson",2026-05-22 20-49-07,True
567,20,623.85,Shopping,Keller Group,2026-05-10 10-10-15,True
568,93,150.64,Food,Kim-Hardin,2026-06-03 19-00-43,True
569,4,820.72,Entertainment,Miller-Hunt,2026-02-13 22-02-39,False
570,36,262.78,Shopping,"Austin, Reyes and Carney",2026-04-07 11-51-44,True
571,58,180.32,Bills,"Jones, Jordan and Frey",2026-05-08 08-04-14,False
572,6,501.91,Bills,"Johnston, Daugherty and Richards",2026-03-24 08-30-16,False
573,28,282.41,Shopping,Morgan and Sons,2026-01-15 01-55-59,False
574,51,754.77,Entertainment,"Schroeder, Day and Mack",2026-01-11 06-02-06,True
575,30,495.58,Entertainment,Castro and Sons,2026-05-29 11-23-40,True
576,100,352.68,Bills,"Porter, Cummings and Colon",2026-05-20 05-09-35,True
577,75,990.73,Food,"Carrillo, Vasquez and Smith",2026-05-07 01-16-53,True
578,43,709.08,Shopping,Watson Ltd,2026-03-04 04-01-21,False
579,53,225.15,Entertainment,Cox-Garcia,2026-01-13 03-23-00,False
580,16,378.7,Shopping,"Powell, Johnson and Combs",2026-06-03 04-59-15,False
581,6,374.72,Shopping,Callahan-Walls,2026-02-07 08-55-19,True
582,75,456.11,Bills,Delgado and Sons,2026-01-27 14-19-31,True
583,61,32.59,Entertainment,Hahn PLC,2026-05-22 22-19-20,False
584,44,582.05,Food,Hahn-Cruz,2026-03-20 04-55-59,False
585,94,519.47,Bills,"Schroeder, Hurley and Miller",2026-02-12 10-42-27,False
586,44,844.2,Bills,Williams PLC,2026-01-17 07-07-13,True
587,19,704.77,Shopping,"Macdonald, Simpson and West",2026-02-04 17-05-41,False
588,42,54.03,Bills,Mooney-Washington,2026-01-26 05-28-32,False
589,90,78.19,Food,"Hogan, Vasquez and Duarte",2026-01-25 13-41-09,False
590,6,662.45,Food,Reed-Howell,2026-05-06 13-07-00,False
591,64,394.94,Food,Johns LLC,2026-01-02 23-56-50,False
592,58,380.38,Shopping,Davis Group,2026-05-03 15-25-29,False
593,24,309.57,Food,Davis PLC,2026-01-23 10-31-50,False
594,86,842.36,Food,Bright PLC,2026-06-06 20-02-16,True
595,22,734.74,Bills,Cardenas PLC,2026-04-23 12-26-39,False
596,53,56.61,Entertainment,Cox-Page,2026-03-27 07-33-10,False
597,39,410.46,Food,"Smith, Morgan and Rodgers",2026-06-07 00-08-24,True
598,63,50.75,Food,"Evans, Alvarez and Lewis",2026-03-14 10-00-27,False
599,77,541.24,Bills,Rich Group,2026-03-09 12-48-45,False
600,19,221.86,Entertainment,"Miller, Ward and Nelson",2026-05-24 07-55-58,False
601,26,943.66,Food,Mclean PLC,2026-02-26 02-49-12,True
602,93,379.15,Shopping,Taylor-Hansen,2026-03-03 02-53-51,True
603,90,855.31,Entertainment,Kirby Group,2026-03-07 06-47-33,True
604,28,922.25,Entertainment,"Scott, Rios and Chang",2026-05-09 01-22-12,False
605,5,27.17,Food,Hawkins-Richards,2026-05-07 13-57-06,True
606,37,42.41,Entertainment,Johnson-Graham,2026-02-09 18-01-35,False
607,72,522.16,Bills,"Gallagher, Case and Herrera",2026-05-02 11-50-09,True
608,53,186.02,Shopping,"Matthews, Ortega and Williams",2026-01-17 23-05-42,False
609,35,347.67,Food,Rivera-Collins,2026-02-20 12-22-18,True
610,81,313.8,Shopping,"Torres, Hernandez and Gutierrez",2026-01-01 21-31-44,True
611,2,35.29,Shopping,"Collins, Powell and Crawford",2026-05-29 03-39-53,True
612,42,722.73,Entertainment,Petersen PLC,2026-02-08 04-57-50,False
613,9,848.31,Entertainment,"Ford, Daniels and Stokes",2026-04-04 15-40-16,False
614,80,859.71,Bills,Morgan-Velazquez,2026-05-05 03-37-39,True
615,76,809.63,Shopping,"Moore, Wilson and Norris",2026-05-06 22-52-46,True
616,57,203.24,Bills,Carlson-Reynolds,2026-04-17 20-58-51,True
617,37,901.83,Food,Atkins LLC,2026-04-06 22-18-47,True
618,12,805.76,Food,"Meyer, Stokes and Galloway",2026-01-03 08-35-52,False
619,74,886.47,Shopping,Lee-Haley,2026-03-11 12-45-57,True
620,26,219.68,Bills,Blanchard-Smith,2026-01-25 20-00-06,True
621,27,189.8,Bills,Logan-Wilkins,2026-01-04 20-05-40,False
622,99,378.28,Shopping,Hernandez Group,2026-04-25 00-39-25,False
623,13,223.77,Shopping,Peterson-Townsend,2026-02-19 02-32-04,False
624,81,940.29,Food,Henry LLC,2026-02-23 18-45-29,False
625,88,812.34,Shopping,Anderson and Sons,2026-05-02 08-31-19,True
626,75,850.59,Food,Reid-Rogers,2026-02-02 23-53-23,False
627,49,598.76,Bills,"Powers, Booker and Kirk",2026-03-22 06-52-14,False
628,73,261.15,Entertainment,Chang-Wilson,2026-05-17 01-31-26,False
629,70,470.35,Shopping,Peterson-Young,2026-01-04 20-51-59,True
630,87,597.4,Food,Lynn LLC,2026-01-12 09-33-32,True
631,48,422.55,Shopping,Simmons-Hicks,2026-06-01 20-39-31,False
632,78,521.32,Shopping,Arnold-Owens,2026-01-01 21-00-36,False
633,22,998.13,Food,Simon and Sons,2026-05-19 23-08-03,True
634,29,202.83,Food,Delgado-Romero,2026-03-20 04-33-56,False
635,65,738.94,Bills,Baker-Thomas,2026-05-21 21-57-36,False
636,89,389.61,Entertainment,Powell Inc,2026-04-18 21-11-51,True
637,32,534.34,Bills,Mann-Cuevas,2026-05-19 03-40-11,False
638,77,481.94,Shopping,Oliver LLC,2026-06-16 23-48-55,True
639,43,730.47,Entertainment,Pearson Group,2026-06-01 04-04-57,True
640,36,701.38,Entertainment,Mcclain-Shaw,2026-03-12 11-27-14,True
641,50,955.85,Food,Brady and Sons,2026-01-31 00-01-29,True
642,58,207.79,Food,Craig LLC,2026-05-28 21-48-00,False
643,96,390.08,Shopping,Johnson and Sons,2026-02-23 06-52-02,True
644,10,595.29,Food,Owens Ltd,2026-02-14 07-03-30,True
645,3,273.3,Entertainment,"Williams, Morris and Jackson",2026-04-19 00-55-31,False
646,71,356.65,Food,Carr and Sons,2026-01-25 00-44-32,False
647,56,436.59,Bills,"Boyer, Barrera and Anderson",2026-06-06 23-17-04,False
648,94,997.1,Food,Jones PLC,2026-04-09 12-08-11,True
649,63,930.68,Entertainment,Spencer-Price,2026-02-28 03-56-31,True
650,47,499.73,Entertainment,Joyce-Coleman,2026-04-06 03-02-09,True
651,18,94.61,Food,Moore-Taylor,2026-03-10 15-10-21,True
652,83,291.92,Bills,Lopez-Morgan,2026-01-31 14-43-53,True
653,73,559.14,Entertainment,Chase PLC,2026-03-13 11-02-24,True
654,10,913.49,Food,Stein-Mckinney,2026-01-16 22-58-22,False
655,73,864.59,Entertainment,Lopez-Morse,2026-02-14 02-07-56,False
656,87,181.82,Food,Morales-Wise,2026-02-25 17-50-41,True
657,55,45.21,Bills,Patel-Taylor,2026-03-10 16-21-27,False
658,7,259.47,Food,"Fernandez, Hall and King",2026-05-01 21-18-11,True
659,62,556.88,Food,Palmer LLC,2026-01-27 10-18-12,True
660,65,851.46,Food,Chan PLC,2026-05-26 18-12-09,True
661,99,79.54,Entertainment,Daniels-Walker,2026-01-11 11-46-29,True
662,29,495.31,Bills,Strickland Inc,2026-04-10 18-18-48,False
663,95,176.88,Food,Adams Group,2026-02-26 11-07-46,False
664,18,560.76,Entertainment,Wiley PLC,2026-01-13 19-23-51,True
665,58,366.86,Entertainment,"Robinson, Lawrence and Fields",2026-03-24 02-26-29,False
666,23,992.68,Shopping,Perez Inc,2026-04-10 20-31-55,False
667,27,617.06,Bills,Shaw-Bailey,2026-02-04 12-06-13,True
668,94,405.1,Entertainment,Wilson PLC,2026-01-25 20-15-38,True
669,42,778.57,Bills,Santana-Martin,2026-04-01 05-34-19,True
670,51,585.61,Bills,House PLC,2026-05-27 03-26-12,True
671,49,500.71,Food,"Hill, Reese and Williamson",2026-05-16 09-50-48,True
672,39,545.65,Shopping,Bell PLC,2026-05-22 19-24-29,False
673,62,292.06,Entertainment,"Murphy, Rios and Baker",2026-03-19 10-40-53,False
674,99,879.8,Entertainment,Thomas-Browning,2026-04-16 05-47-40,True
675,18,416.66,Bills,Garcia Inc,2026-04-15 00-17-21,False
676,71,865.19,Bills,Oliver-Robertson,2026-06-05 00-34-38,True
677,84,999.65,Shopping,Alvarez-Sanchez,2026-04-26 19-09-22,True
678,4,734.85,Bills,Dodson-Johnson,2026-01-11 03-54-15,True
679,90,274.15,Bills,Christian-Hunter,2026-04-17 13-07-22,True
680,44,900.93,Food,Young-Parker,2026-02-07 17-49-37,True
681,62,239.74,Food,Brown Group,2026-04-14 17-22-58,True
682,12,244.93,Food,Matthews LLC,2026-05-15 00-44-26,True
683,25,75.99,Food,"Phillips, Watts and Jones",2026-02-10 14-55-14,False
684,59,437.8,Bills,Smith and Sons,2026-04-15 05-25-05,False
685,68,636.64,Shopping,Ramsey-Morris,2026-04-29 06-58-16,True
686,80,541.28,Shopping,"Smith, Rodriguez and Mendez",2026-05-12 17-34-52,False
687,84,574.78,Shopping,May LLC,2026-05-06 11-49-16,True
688,94,510.24,Food,"Riddle, Powell and Carr",2026-03-14 20-07-18,False
689,55,404.1,Shopping,Miller and Sons,2026-03-30 23-58-31,False
690,52,916.96,Shopping,Adams LLC,2026-01-06 19-11-00,False
691,81,252.4,Bills,"Cole, Quinn and Schneider",2026-06-14 07-11-13,False
692,89,798.73,Entertainment,"Clark, Nguyen and Rodriguez",2026-03-25 20-27-37,False
693,100,499.35,Food,Huerta and Sons,2026-01-10 07-24-57,False
694,29,276.81,Shopping,"Weaver, Sellers and Adkins",2026-05-13 15-58-29,False
695,92,533.47,Entertainment,Cole Group,2026-02-22 06-35-19,False
696,8,937.04,Bills,"Clark, Conner and White",2026-03-14 05-36-16,False
697,89,265.6,Shopping,"Brown, Potter and Gonzalez",2026-04-30 06-31-54,False
698,42,688.69,Shopping,Byrd-Mccarthy,2026-01-12 04-39-52,True
699,86,843.35,Entertainment,Thompson-Wagner,2026-03-14 19-19-19,True
700,86,418.97,Entertainment,Vance-Cooley,2026-06-01 22-11-17,True
701,4,75.7,Shopping,Ferguson-King,2026-02-21 01-56-44,True
702,63,873.74,Bills,"Mata, Harper and Johnson",2026-02-11 15-53-59,True
703,28,161.3,Bills,"Conley, Morales and Smith",2026-02-16 19-03-14,False
704,29,968.75,Entertainment,Harris-Harris,2026-02-08 01-11-02,True
705,95,143.25,Bills,"Pham, Carpenter and Crawford",2026-02-22 10-23-30,False
706,67,833.31,Shopping,"Ward, Aguilar and Haas",2026-04-23 14-35-31,True
707,53,445.7,Food,Meyer LLC,2026-03-15 06-17-43,False
708,22,541.27,Shopping,Maldonado PLC,2026-02-13 07-38-06,True
709,86,660.94,Entertainment,"Martin, Ross and Barber",2026-04-08 23-03-09,False
710,70,628.24,Food,"Day, Lee and Hernandez",2026-04-06 08-57-53,True
711,75,637.91,Bills,Hudson-Brown,2026-06-07 00-32-22,True
712,65,56.86,Entertainment,Mercer LLC,2026-06-07 20-27-18,False
713,8,219.09,Food,Long LLC,2026-02-05 14-59-54,False
714,72,101.12,Entertainment,Turner-Cruz,2026-03-10 17-22-13,True
715,77,246.33,Food,Gibson Ltd,2026-03-22 01-43-59,True
716,67,913.66,Entertainment,Jackson PLC,2026-03-23 20-37-31,True
717,49,44.7,Food,"Stewart, Roth and Gallagher",2026-02-06 11-59-01,False
718,6,64.58,Food,Castillo-George,2026-06-18 15-54-46,True
719,77,909.66,Bills,"Davis, Brown and Huang",2026-03-31 09-10-22,True
720,36,686.83,Bills,Copeland Ltd,2026-01-13 15-28-33,True
721,42,624.85,Shopping,Schmidt-Trujillo,2026-06-14 21-24-46,False
722,25,96.18,Food,Moody-Marsh,2026-03-18 23-18-14,True
723,100,78.23,Food,Johnson-Russo,2026-05-08 18-23-40,False
724,37,886.76,Shopping,Decker-Ramirez,2026-01-14 01-13-52,True
725,34,929.66,Shopping,Johnson LLC,2026-05-10 06-04-05,True
726,72,408.97,Entertainment,Cooke-Adams,2026-04-18 13-37-53,False
727,56,326.07,Bills,Martinez Ltd,2026-04-21 14-46-13,True
728,76,948.79,Food,"Campbell, Weaver and Townsend",2026-04-04 07-39-56,True
729,51,928.56,Entertainment,Cole-Duncan,2026-06-19 07-09-58,True
730,61,960.55,Bills,"Harvey, Stephenson and Wheeler",2026-02-25 16-34-24,True
731,37,710.29,Shopping,Ramos Group,2026-02-10 22-25-36,False
732,35,769.3,Entertainment,Cline-Patterson,2026-01-05 13-24-30,False
733,41,777.81,Food,Davis-Warren,2026-05-07 06-32-46,False
734,96,881.01,Bills,"Scott, Ward and Hickman",2026-03-07 17-12-51,False
735,56,262.45,Food,"Ramirez, Hutchinson and Thomas",2026-05-22 00-02-04,False
736,30,564.57,Food,"Chambers, Acevedo and Kelly",2026-01-26 06-57-40,False
737,55,236.48,Entertainment,"Eaton, Lucas and Powell",2026-01-09 02-14-53,False
738,6,930.31,Shopping,"Aguilar, Sandoval and Williams",2026-03-26 23-27-39,True
739,3,166.34,Shopping,"Espinoza, Garrett and Pruitt",2026-03-08 15-53-20,False
740,9,471.48,Bills,Larson and Sons,2026-06-08 23-39-27,False
741,5,579.95,Entertainment,Bennett-Knapp,2026-03-06 05-52-28,True
742,40,580.46,Bills,Bautista-Williams,2026-04-07 00-54-17,False
743,5,40.03,Shopping,Levy-White,2026-05-07 14-45-07,False
744,36,122.19,Entertainment,"Nichols, Sherman and Hawkins",2026-02-22 11-20-56,True
745,22,280.76,Food,"Morgan, Mason and Torres",2026-01-06 12-55-35,False
746,8,998.35,Bills,Williamson-Lang,2026-01-22 11-05-05,True
747,23,842.64,Bills,"Summers, Hall and Wright",2026-01-09 12-21-18,True
748,37,352.57,Bills,Bush PLC,2026-01-28 03-23-09,True
749,98,504.06,Bills,Contreras LLC,2026-02-02 20-13-10,False
750,58,275.52,Food,"Gillespie, Wilson and Wagner",2026-01-20 02-10-41,True
751,6,377.16,Shopping,"Jones, Brown and White",2026-06-08 02-33-48,True
752,44,243.11,Shopping,Richards Group,2026-04-18 10-26-13,True
753,69,561.42,Shopping,"Warren, Ellis and Andrade",2026-06-03 13-04-00,False
754,44,522.37,Entertainment,Buchanan Ltd,2026-01-16 04-39-01,True
755,79,914.99,Food,"Brown, Meyer and Sandoval",2026-04-05 03-09-38,False
756,49,541.25,Bills,"Miller, Moon and Ray",2026-02-18 01-57-45,False
757,54,442.52,Food,Lopez-Hernandez,2026-01-25 13-36-22,False
758,23,896.43,Food,Reynolds-Wilson,2026-02-23 15-52-06,True
759,98,387.6,Entertainment,Butler Ltd,2026-01-23 13-10-22,True
760,96,234.04,Entertainment,"Wise, Greene and Nguyen",2026-02-24 21-19-19,False
761,50,958.78,Shopping,"Brown, Washington and Campbell",2026-04-07 07-05-36,False
762,28,802.34,Food,Brown-Mullins,2026-04-10 19-15-37,False
763,29,889.0,Food,Luna-Burton,2026-04-17 05-22-15,False
764,47,327.19,Bills,Watkins-Davis,2026-06-13 21-19-35,False
765,76,854.39,Shopping,Gray-Miller,2026-04-10 02-50-04,False
766,21,689.57,Shopping,"Jackson, Wilson and Davis",2026-04-22 06-04-53,True
767,22,567.61,Shopping,"Ellis, Gonzales and Castro",2026-03-12 23-03-00,True
768,93,653.23,Shopping,Mitchell-Rodriguez,2026-01-15 21-01-56,False
769,29,415.16,Shopping,Davis-Tate,2026-01-17 02-31-59,True
770,10,881.41,Shopping,Sanchez Ltd,2026-06-01 23-36-36,True
771,41,301.38,Shopping,"Kline, Reid and Park",2026-02-07 07-34-10,False
772,48,293.08,Shopping,Green-Garrett,2026-05-23 00-30-51,True
773,82,342.16,Entertainment,Chase Ltd,2026-05-01 00-15-44,True
774,19,397.36,Entertainment,Diaz LLC,2026-03-26 02-47-09,True
775,4,409.99,Food,Clayton Ltd,2026-01-05 08-13-40,True
776,21,253.18,Bills,Garrett-Sharp,2026-02-11 22-00-03,True
777,11,176.5,Entertainment,White PLC,2026-04-25 15-20-10,False
778,13,186.82,Bills,"Benjamin, Woodward and Oconnell",2026-06-01 01-50-06,False
779,37,167.81,Shopping,"Mooney, Smith and Perez",2026-02-13 03-34-36,False
780,66,343.1,Shopping,Clark-Flowers,2026-05-22 01-36-56,True
781,29,859.65,Food,Miller-Young,2026-02-11 14-11-16,False
782,87,150.35,Shopping,"Rose, Williams and Knox",2026-01-04 02-13-08,True
783,72,582.1,Shopping,"Smith, Griffin and Lewis",2026-01-18 12-09-19,False
784,57,231.59,Bills,Rodriguez-Santiago,2026-04-06 12-50-53,False
785,27,890.36,Food,Bush-Jacobs,2026-01-29 22-16-27,True
786,35,321.29,Food,Robinson-Francis,2026-03-13 06-04-31,True
787,17,303.21,Bills,Martinez-Patel,2026-01-03 14-14-57,False
788,60,872.45,Shopping,Waller-Barr,2026-01-13 14-08-41,False
789,17,448.57,Food,Martinez PLC,2026-06-08 20-32-07,False
790,81,418.9,Shopping,Ward-Hawkins,2026-03-22 13-23-44,True
791,31,283.86,Entertainment,Lee-Walton,2026-02-05 18-17-56,False
792,11,53.94,Bills,Wells-Phillips,2026-06-07 06-00-45,False
793,43,475.23,Bills,"Wilson, James and Hamilton",2026-05-18 03-56-25,False
794,30,728.05,Entertainment,Hudson Group,2026-05-29 06-37-35,False
795,25,674.5,Entertainment,Kirby-Simpson,2026-02-25 03-29-44,False
796,72,273.46,Shopping,Mendez-Bowman,2026-02-05 23-42-03,False
797,24,116.28,Shopping,Barber-King,2026-05-01 13-16-23,False
798,82,94.34,Food,Anderson-Phillips,2026-04-04 14-50-52,False
799,69,580.7,Entertainment,Jones-Jimenez,2026-05-25 01-46-38,False
800,41,680.4,Shopping,"Horton, Garcia and Yoder",2026-02-10 23-53-18,True
801,59,558.22,Entertainment,"Wallace, Moss and Hill",2026-01-21 06-18-10,True
802,81,238.6,Entertainment,Collins-Patterson,2026-03-22 17-57-09,False
803,44,286.68,Food,Combs-Ryan,2026-04-03 20-47-53,False
804,95,618.27,Food,Pham-Padilla,2026-04-27 11-08-56,False
805,29,449.73,Food,Miller-Bradley,2026-03-30 20-40-14,False
806,18,915.99,Bills,Chandler-Dean,2026-03-07 07-43-30,True
807,77,364.24,Bills,Stuart and Sons,2026-03-27 07-46-04,False
808,32,164.35,Shopping,"Armstrong, Wade and Hubbard",2026-03-10 09-09-17,True
809,29,877.72,Entertainment,Howard LLC,2026-02-08 08-22-19,False
810,39,120.56,Food,"Edwards, Gould and Gomez",2026-04-10 20-56-59,False
811,69,153.97,Bills,Brooks-Myers,2026-03-26 17-10-23,True
812,65,236.97,Food,"Bridges, Jones and Thompson",2026-03-20 13-32-04,True
813,37,912.97,Bills,"Lee, Reynolds and Woodward",2026-02-27 13-20-13,True
814,46,510.48,Entertainment,Livingston-Francis,2026-02-25 09-18-29,False
815,59,184.09,Bills,Colon-Turner,2026-01-02 22-52-08,False
816,87,551.08,Bills,"Paul, Mcintosh and Stokes",2026-05-19 23-19-20,True
817,58,424.14,Food,Gonzalez-Benjamin,2026-05-15 11-58-31,False
818,33,289.13,Food,Castillo Ltd,2026-02-13 10-06-17,True
819,27,225.45,Entertainment,Williams-Murphy,2026-03-15 02-55-46,False
820,73,238.76,Food,Rhodes-Cunningham,2026-05-14 01-00-43,True
821,23,809.51,Food,Peters and Sons,2026-01-17 07-38-47,False
822,76,488.5,Food,Krueger-Hunter,2026-01-06 20-51-26,True
823,84,528.98,Shopping,Reyes-Velez,2026-05-16 02-27-28,False
824,41,850.84,Shopping,Brown Inc,2026-01-08 16-58-43,False
825,35,243.58,Entertainment,Long LLC,2026-03-18 13-11-23,True
826,66,533.78,Food,Johnson-Schmidt,2026-01-27 06-15-02,False
827,67,996.96,Food,"Meyers, Berg and Nicholson",2026-05-23 08-48-31,False
828,15,840.31,Bills,"Cobb, Carlson and Roberts",2026-02-17 08-12-55,False
829,49,607.32,Food,Hunt-Jordan,2026-01-13 01-55-45,False
830,88,231.04,Shopping,"Delacruz, Ortega and Russell",2026-06-08 13-48-51,True
831,29,15.62,Entertainment,"Davis, Valencia and Mendez",2026-05-28 21-24-00,True
832,71,288.96,Bills,"Boone, Patel and Frazier",2026-05-01 05-20-00,False
833,4,71.71,Food,Watts PLC,2026-03-04 13-53-07,True
834,49,263.02,Entertainment,Fuller and Sons,2026-03-03 09-05-35,True
835,66,981.31,Food,Williams-Hamilton,2026-03-21 22-49-01,False
836,16,182.81,Food,Holland Inc,2026-03-24 18-00-39,False
837,39,287.87,Shopping,"Allen, Mills and Bates",2026-01-26 05-27-07,False
838,8,433.5,Entertainment,Brown Ltd,2026-02-18 02-32-57,False
839,72,126.01,Food,"Howard, Guerra and Johnson",2026-02-10 08-35-52,True
840,22,356.61,Shopping,Carson-Foster,2026-03-30 17-39-37,False
841,15,758.29,Bills,"Smith, Brown and Fowler",2026-06-07 16-46-32,False
842,55,599.89,Shopping,"Payne, Yang and Quinn",2026-03-07 21-44-47,True
843,95,371.74,Bills,Ellis LLC,2026-04-07 09-12-54,True
844,1,897.7,Bills,Crawford-Reed,2026-06-02 10-57-07,True
845,20,383.92,Entertainment,"Moore, Morgan and Guzman",2026-05-13 05-31-19,True
846,7,636.71,Bills,Daniel Ltd,2026-05-28 10-50-58,True
847,73,952.97,Entertainment,Levine Ltd,2026-05-19 00-33-37,True
848,36,876.1,Food,Reynolds Inc,2026-05-15 16-39-05,True
849,57,606.01,Shopping,"Summers, Stewart and Travis",2026-02-11 03-32-37,True
850,43,588.49,Shopping,Olson-Carrillo,2026-01-20 02-33-18,True
851,35,285.34,Bills,Marquez LLC,2026-06-17 00-45-00,True
852,41,725.6,Shopping,Meyers and Sons,2026-01-11 20-00-19,False
853,82,149.69,Food,Bradley Group,2026-06-19 08-53-54,False
854,19,440.13,Shopping,"Ali, Morales and Hicks",2026-03-07 19-49-20,False
855,77,988.6,Shopping,"Flowers, Oconnor and Tucker",2026-03-18 09-20-02,True
856,47,590.26,Food,"Wells, Wilson and Hammond",2026-03-23 12-24-20,False
857,33,425.97,Food,Garcia Inc,2026-01-07 18-08-39,False
858,47,981.75,Food,Case PLC,2026-04-19 07-45-47,False
859,76,118.71,Entertainment,"Weaver, Carter and Reynolds",2026-06-02 03-40-11,False
860,100,649.84,Shopping,Arnold and Sons,2026-06-09 08-50-17,True
861,8,446.52,Bills,"Guerrero, Martin and Jones",2026-06-05 14-41-21,True
862,33,351.15,Bills,Zamora and Sons,2026-05-09 23-17-14,True
863,53,534.72,Food,Wilkinson-Carroll,2026-04-21 06-54-22,True
864,26,654.09,Shopping,Mills Ltd,2026-01-13 07-20-56,False
865,10,150.4,Bills,Brown Ltd,2026-06-15 12-13-37,True
866,91,835.67,Entertainment,Schmidt-Williams,2026-03-21 11-52-04,False
867,81,597.37,Bills,"Martinez, Sanchez and Morgan",2026-05-28 02-48-55,True
868,75,811.91,Shopping,Brandt-Pham,2026-04-30 17-59-00,True
869,53,265.81,Entertainment,Guerra-Evans,2026-02-15 04-48-33,True
870,18,240.56,Shopping,"Haney, Solis and Mcbride",2026-03-17 15-10-19,True
871,44,967.38,Bills,Ali-Francis,2026-01-16 23-14-09,False
872,57,97.17,Food,Smith-Soto,2026-01-29 08-05-55,False
873,31,383.0,Entertainment,Moreno Group,2026-04-01 13-23-27,True
874,99,682.13,Shopping,Warren-Mccarthy,2026-06-12 08-50-13,True
875,21,846.44,Food,Brown-Robinson,2026-01-23 08-53-24,False
876,93,493.91,Food,"Peters, Yang and Butler",2026-03-19 08-53-56,True
877,11,33.59,Bills,Phillips Group,2026-05-09 20-56-02,True
878,2,464.15,Shopping,"Butler, Walker and Mccarty",2026-04-08 06-25-29,False
879,15,339.86,Shopping,"Orozco, Davis and Lindsey",2026-04-24 06-46-20,False
880,9,5.81,Entertainment,Miller-Cardenas,2026-01-14 00-20-51,False
881,68,605.16,Food,"Bennett, Stephens and Fisher",2026-01-08 02-48-10,True
882,54,982.35,Entertainment,Strong-Crawford,2026-02-07 20-38-03,True
883,25,505.12,Bills,Rowland-Dorsey,2026-04-27 12-13-00,False
884,11,804.29,Bills,"Carter, Maynard and Mcbride",2026-03-28 15-56-10,True
885,94,277.07,Entertainment,Franklin-Baker,2026-03-31 10-13-30,False
886,42,662.53,Shopping,"Garcia, Kirby and Monroe",2026-03-17 06-57-35,False
887,5,900.18,Shopping,Calderon LLC,2026-02-05 10-54-47,False
888,5,226.12,Bills,"Kennedy, Mitchell and Smith",2026-02-05 17-13-55,False
889,81,57.86,Bills,Carroll-Obrien,2026-02-05 05-04-28,False
890,44,970.49,Entertainment,Long LLC,2026-01-15 21-04-12,True
891,96,970.46,Food,"Gardner, Anderson and Humphrey",2026-01-29 05-29-21,False
892,92,990.29,Food,"Fowler, Gonzalez and Santiago",2026-03-31 21-55-38,True
893,38,149.16,Bills,"Miller, Bates and Ford",2026-05-06 03-44-53,True
894,75,510.0,Food,Mcmillan Ltd,2026-06-01 09-34-11,True
895,56,325.62,Entertainment,"Ortiz, Moore and Powell",2026-06-09 18-59-49,False
896,92,834.52,Food,Day-Ferguson,2026-01-21 14-46-09,False
897,18,405.27,Entertainment,Miles-Hernandez,2026-01-29 07-05-05,False
898,59,513.18,Entertainment,"Hansen, Cole and Johnson",2026-06-06 05-59-46,False
899,62,525.31,Shopping,French Ltd,2026-02-15 22-28-32,False
900,7,585.87,Shopping,James and Sons,2026-05-03 21-21-26,True
901,21,757.65,Entertainment,"Aguilar, Patrick and Jenkins",2026-02-05 13-00-07,True
902,48,679.05,Entertainment,"Watson, Thomas and Nguyen",2026-05-05 16-41-46,True
903,82,547.7,Bills,"Anderson, Rogers and Johns",2026-05-09 17-24-58,False
904,68,373.13,Food,Collins PLC,2026-04-01 06-42-13,False
905,57,970.03,Bills,"Jones, Whitaker and Brown",2026-03-04 08-11-08,True
906,38,949.11,Food,"Burke, Padilla and Harmon",2026-02-22 09-46-16,False
907,4,330.91,Food,Tran PLC,2026-05-18 23-01-56,True
908,57,654.46,Entertainment,"Levy, Miller and Johnson",2026-06-13 08-15-04,False
909,88,250.28,Bills,Cox-Wallace,2026-01-16 03-39-59,True
910,85,230.31,Shopping,Sullivan and Sons,2026-05-08 02-08-42,True
911,38,727.82,Bills,"Howard, Parker and Reyes",2026-02-10 02-55-15,False
912,78,30.93,Food,Young-Johnson,2026-03-03 03-11-22,False
913,73,512.98,Food,Edwards Group,2026-01-22 10-48-44,True
914,22,525.69,Shopping,Cain LLC,2026-04-16 13-17-18,False
915,85,41.71,Bills,Morris LLC,2026-01-12 21-55-51,False
916,100,107.99,Food,Porter Ltd,2026-01-12 05-17-48,True
917,73,776.51,Entertainment,"Murphy, Garcia and Cruz",2026-03-11 09-27-39,True
918,81,755.66,Bills,"Cain, Golden and Barnes",2026-02-22 22-08-07,True
919,29,846.99,Entertainment,Norris LLC,2026-01-04 18-13-26,False
920,31,813.55,Entertainment,"Hill, Moody and Ali",2026-02-22 16-40-35,False
921,60,926.59,Shopping,"Hernandez, Nunez and Harris",2026-06-05 20-02-05,True
922,55,718.74,Food,Walters-Rowe,2026-06-14 03-01-46,True
923,15,573.3,Shopping,"Cox, Johnson and Hall",2026-06-12 00-00-57,True
924,99,962.35,Food,Braun-Hunt,2026-02-23 00-44-52,False
925,15,334.31,Bills,Miller-Tyler,2026-02-18 16-06-20,False
926,30,805.59,Bills,Taylor-Carter,2026-01-24 12-38-10,True
927,49,32.31,Shopping,Adams Ltd,2026-06-16 14-49-47,False
928,82,718.14,Food,Robinson-Payne,2026-01-31 06-25-38,True
929,78,967.24,Shopping,Thompson Group,2026-02-22 07-30-09,False
930,55,894.34,Bills,Ross-Smith,2026-06-17 16-00-07,True
931,65,861.27,Shopping,Barrett-Marshall,2026-01-06 18-32-38,True
932,48,74.57,Bills,Buck-Hogan,2026-03-29 03-07-34,False
933,69,297.24,Entertainment,Wood Ltd,2026-01-27 17-18-13,False
934,61,21.09,Entertainment,"Le, Jones and Blake",2026-05-09 22-30-08,False
935,52,627.12,Shopping,"Rogers, Freeman and Wright",2026-04-17 23-43-17,False
936,14,93.55,Shopping,James LLC,2026-02-05 05-47-50,False
937,31,32.88,Entertainment,Hernandez-Moses,2026-05-28 06-25-30,True
938,4,720.72,Food,"Cook, Beck and Ray",2026-06-12 04-44-25,False
939,11,352.9,Bills,"Luna, Miller and Kelly",2026-06-06 19-16-24,False
940,87,139.55,Food,Spencer and Sons,2026-01-27 02-06-36,True
941,35,820.12,Entertainment,"Jones, Zhang and Bernard",2026-01-02 22-59-17,True
942,86,410.08,Bills,Thomas Ltd,2026-05-22 18-41-06,True
943,65,166.86,Bills,Goodwin-Aguilar,2026-06-03 07-13-40,True
944,90,580.28,Bills,Berger-Copeland,2026-03-20 19-08-37,False
945,68,539.96,Bills,Owens-Long,2026-01-24 09-08-22,False
946,55,978.32,Shopping,Silva-Steele,2026-04-26 04-41-26,False
947,53,643.61,Food,Mosley PLC,2026-01-19 22-19-34,True
948,11,304.62,Food,Powers PLC,2026-02-02 16-31-08,True
949,73,487.33,Entertainment,Wells-Robinson,2026-06-09 15-37-33,True
950,19,609.91,Food,Daniels Group,2026-01-27 23-10-11,True
951,90,97.32,Shopping,Owens and Sons,2026-01-27 13-28-53,False
952,77,390.14,Bills,"Hernandez, Price and Soto",2026-02-13 17-46-33,False
953,3,720.83,Entertainment,Villarreal-Bernard,2026-05-30 06-39-53,True
954,16,118.51,Entertainment,Young-Sutton,2026-01-24 02-16-01,False
955,50,684.67,Bills,Edwards-Nixon,2026-01-18 04-48-30,False
956,97,119.99,Bills,Hayes LLC,2026-04-10 14-56-19,False
957,65,288.47,Food,"Robinson, Eaton and Ho",2026-05-30 09-50-16,False
958,38,304.2,Bills,"Moore, Henry and Boyer",2026-03-16 21-39-44,True
959,21,224.05,Entertainment,Berry-Bryan,2026-01-22 20-19-36,False
960,72,480.61,Food,Davis-Mejia,2026-03-15 13-00-43,True
961,71,430.2,Shopping,"Ellis, Baker and Carson",2026-05-14 17-34-52,False
962,9,277.69,Shopping,"Burnett, Miller and Howell",2026-05-02 16-17-53,True
963,86,71.93,Bills,"Jones, Henry and Watson",2026-01-18 01-14-44,True
964,61,997.9,Shopping,White Inc,2026-01-25 04-28-00,False
965,91,204.31,Bills,Miller-Combs,2026-06-11 21-50-04,True
966,61,948.46,Entertainment,"Abbott, Steele and Lawson",2026-02-19 04-28-15,True
967,65,722.86,Entertainment,Cox-Mata,2026-01-11 22-32-44,False
968,66,993.22,Food,Knapp Ltd,2026-03-24 23-28-42,False
969,44,864.52,Food,"Jacobs, Mercado and Blackwell",2026-03-08 08-37-39,False
970,32,380.32,Food,Ward-Smith,2026-05-10 04-37-41,True
971,9,471.51,Shopping,Baker-Yu,2026-05-12 02-03-32,True
972,93,261.67,Shopping,Nelson Inc,2026-03-10 12-07-17,True
973,15,82.05,Food,Cooper Inc,2026-06-04 11-07-33,True
974,73,559.94,Entertainment,Gray-Smith,2026-05-10 00-12-24,True
975,27,560.53,Shopping,"Andrews, Garcia and Guzman",2026-02-20 05-13-10,False
976,40,886.1,Entertainment,"Mitchell, Smith and Brown",2026-05-28 04-20-00,False
977,49,603.34,Shopping,"Cowan, Peterson and Perkins",2026-03-23 16-43-33,False
978,63,976.14,Bills,"Rogers, Nichols and Hayes",2026-01-30 14-11-04,True
979,84,952.84,Shopping,"Fuller, Walker and Lawson",2026-04-21 08-46-22,False
980,26,711.14,Shopping,Nelson-Silva,2026-05-06 00-29-44,False
981,95,563.44,Entertainment,Bowman PLC,2026-05-17 01-07-48,False
982,72,488.78,Shopping,"Miller, Brown and Acevedo",2026-04-14 03-13-55,False
983,58,562.79,Entertainment,"Turner, James and Johnson",2026-01-02 11-15-18,False
984,90,595.88,Entertainment,"Vincent, Livingston and Kemp",2026-04-26 05-24-42,True
985,48,794.54,Shopping,Kelly-Underwood,2026-03-23 01-53-20,True
986,25,202.46,Entertainment,Ferguson-Shelton,2026-01-06 10-30-02,True
987,60,363.06,Entertainment,Wright Group,2026-03-02 23-21-37,True
988,7,66.9,Entertainment,Dixon-Horton,2026-04-04 02-18-15,False
989,17,650.7,Shopping,Hunter-Cole,2026-05-25 18-44-20,True
990,56,149.93,Entertainment,Doyle Ltd,2026-05-08 16-53-31,True
991,56,958.03,Shopping,Bailey-Wolfe,2026-05-24 06-22-00,False
992,21,308.79,Bills,Herrera-Owen,2026-05-03 16-10-21,True
993,97,615.88,Bills,Carter-Warner,2026-03-22 04-49-24,False
994,29,333.86,Entertainment,Webster Ltd,2026-03-13 20-47-40,False
995,87,197.18,Food,"Lynn, Weiss and Ferguson",2026-02-18 06-15-46,False
996,60,818.68,Bills,"Reyes, Valenzuela and Craig",2026-02-07 15-02-23,False
997,5,764.83,Bills,Gallegos Inc,2026-04-17 17-21-54,False
998,86,239.52,Shopping,"Cervantes, Howard and Robertson",2026-05-07 22-13-00,False
999,79,79.3,Food,Ferguson LLC,2026-03-06 21-51-08,True
1000,89,388.02,Bills,"Garcia, Hunter and Moore",2026-03-07 05-48-38,False
